"","UC_START","UC_END","TYPE","ENSEMBL_GENE_ID","CHR","GENE_STRAND","GENE_START","GENE_END","logFC","AveExpr","t","P.Value","adj.P.Val"
"uc.167+","88883808","88884007","n","ENSG00000248309","5","+","88883328","89466398","-1.3005765","12.55682","-3.869478","0.0001910146","0.03184309"
"uc.426+","26335629","26335889","p","ENSG00000141384","18","+","26225936","26391685","-1.0997456","11.60577","-3.535403","0.0005931822","0.03184309"
"uc.258+","37324428","37324627","p","ENSG00000147905","9","+","37120539","37358149","-0.7913966","13.09021","-3.471531","0.0007074424","0.03184309"
