"","UC_START","UC_END","TYPE","ENSEMBL_GENE_ID","CHR","GENE_STRAND","GENE_START","GENE_END","logFC","AveExpr","t","P.Value","adj.P.Val"
"uc.169+"," 93585312"," 93585514","e","ENSG00000237187","5","-"," 93409359"," 93585648","1.5037973"," 8.858329","4.321827","3.666921e-05","0.006857142"
"uc.80-","144443286","144443578","n","ENSG00000169554","2","-","144364364","144524583","1.0919375","11.616532","3.947259","1.407176e-04","0.013157092"
"uc.78-","144430788","144431034","n","ENSG00000169554","2","-","144364364","144524583","0.8116306","12.265547","3.488019","6.670421e-04","0.041578957"
